name,image
alexander-ray,https://mantarayadvocates.com/wp-content/uploads/2018/09/Alexander-Ray-Images-2018-4.jpg
alexander-ray,https://mantarayadvocates.com/wp-content/uploads/2018/09/Alexander-Ray-Images-2018-3.jpg
alexander-ray,https://mantarayadvocates.com/wp-content/uploads/2018/09/Alexander-Ray-Images-2018-2.jpg
alexander-ray,https://mantarayadvocates.com/wp-content/uploads/2018/09/Alexander-Ray-Images-2018-1-scaled.jpg
alexander-ray,https://mantarayadvocates.com/wp-content/uploads/2018/09/Alexander-Ray-Images-2018-4.jpg
alexander-ray,https://mantarayadvocates.com/wp-content/uploads/2018/09/Alexander-Ray-Images-2018-3.jpg
alexander-ray,https://mantarayadvocates.com/wp-content/uploads/2018/09/Alexander-Ray-Images-2018-2.jpg
alexander-ray,https://mantarayadvocates.com/wp-content/uploads/2018/09/Alexander-Ray-Images-2018-1-scaled.jpg
amanda-ray,https://mantarayadvocates.com/wp-content/uploads/2018/07/Amanda-Ray-Images2018-6.jpg
amanda-ray,https://mantarayadvocates.com/wp-content/uploads/2018/07/Amanda-Ray-Images2018-5.jpg
amanda-ray,https://mantarayadvocates.com/wp-content/uploads/2018/07/Amanda-Ray-Images2018-4.jpg
amanda-ray,https://mantarayadvocates.com/wp-content/uploads/2018/07/Amanda-Wing-tip-1c.jpg
amanda-ray,https://mantarayadvocates.com/wp-content/uploads/2018/07/Amanda-Ray-Images2018-3.jpg
amanda-ray,https://mantarayadvocates.com/wp-content/uploads/2018/07/Amanda-Ray-Images2018-2.jpg
amanda-ray,https://mantarayadvocates.com/wp-content/uploads/2018/07/Amanda-Ray-Images2018-1.jpg
amanda-ray,https://mantarayadvocates.com/wp-content/uploads/2018/07/Amanda-Ray-Images2018-6.jpg
amanda-ray,https://mantarayadvocates.com/wp-content/uploads/2018/07/Amanda-Ray-Images2018-5.jpg
amanda-ray,https://mantarayadvocates.com/wp-content/uploads/2018/07/Amanda-Ray-Images2018-4.jpg
amanda-ray,https://mantarayadvocates.com/wp-content/uploads/2018/07/Amanda-Wing-tip-1c.jpg
amanda-ray,https://mantarayadvocates.com/wp-content/uploads/2018/07/Amanda-Ray-Images2018-3.jpg
amanda-ray,https://mantarayadvocates.com/wp-content/uploads/2018/07/Amanda-Ray-Images2018-2.jpg
amanda-ray,https://mantarayadvocates.com/wp-content/uploads/2018/07/Amanda-Ray-Images2018-1.jpg
andrea-a-ray,https://mantarayadvocates.com/wp-content/uploads/2018/09/Andrea-a-Ray-Images-2018-6.jpg
andrea-a-ray,https://mantarayadvocates.com/wp-content/uploads/2018/09/Andrea-a-Ray-Images-2018-5.jpg
andrea-a-ray,https://mantarayadvocates.com/wp-content/uploads/2018/09/Andrea-a-Ray-Images-2018-4.jpg
andrea-a-ray,https://mantarayadvocates.com/wp-content/uploads/2018/09/Andrea-a-Ray-Images-2018-3.jpg
andrea-a-ray,https://mantarayadvocates.com/wp-content/uploads/2018/09/Andrea-a-Ray-Images-2018-2.jpg
andrea-a-ray,https://mantarayadvocates.com/wp-content/uploads/2018/09/Andrea-a-Ray-Images-2018-1-scaled.jpg
andrea-a-ray,https://mantarayadvocates.com/wp-content/uploads/2018/09/Andrea-a-Ray-Images-2018-6.jpg
andrea-a-ray,https://mantarayadvocates.com/wp-content/uploads/2018/09/Andrea-a-Ray-Images-2018-5.jpg
andrea-a-ray,https://mantarayadvocates.com/wp-content/uploads/2018/09/Andrea-a-Ray-Images-2018-4.jpg
andrea-a-ray,https://mantarayadvocates.com/wp-content/uploads/2018/09/Andrea-a-Ray-Images-2018-3.jpg
andrea-a-ray,https://mantarayadvocates.com/wp-content/uploads/2018/09/Andrea-a-Ray-Images-2018-2.jpg
andrea-a-ray,https://mantarayadvocates.com/wp-content/uploads/2018/09/Andrea-a-Ray-Images-2018-1-scaled.jpg
angelika-ray,https://mantarayadvocates.com/wp-content/uploads/2018/09/Angelika-Ray-Images-2018-12.jpg
angelika-ray,https://mantarayadvocates.com/wp-content/uploads/2018/09/Angelika-Ray-Images-2018-11.jpg
angelika-ray,https://mantarayadvocates.com/wp-content/uploads/2018/09/Angelika-Ray-Images-2018-10.jpg
angelika-ray,https://mantarayadvocates.com/wp-content/uploads/2018/09/Angelika-Ray-Images-2018-9.jpg
angelika-ray,https://mantarayadvocates.com/wp-content/uploads/2018/09/Angelika-Ray-Images-2018-8.jpg
angelika-ray,https://mantarayadvocates.com/wp-content/uploads/2018/09/Angelika-Ray-Images-2018-7.jpg
angelika-ray,https://mantarayadvocates.com/wp-content/uploads/2018/09/Angelika-Ray-Images-2018-6.jpg
angelika-ray,https://mantarayadvocates.com/wp-content/uploads/2018/09/Angelika-Ray-Images-2018-5.jpg
angelika-ray,https://mantarayadvocates.com/wp-content/uploads/2018/09/Angelika-Ray-Images-2018-4.jpg
angelika-ray,https://mantarayadvocates.com/wp-content/uploads/2018/09/Angelika-Ray-Images-2018-3.jpg
angelika-ray,https://mantarayadvocates.com/wp-content/uploads/2018/09/Angelika-Ray-Images-2018-2.jpg
angelika-ray,https://mantarayadvocates.com/wp-content/uploads/2018/09/Angelika-Ray-Images-2018-1-scaled.jpg
angelika-ray,https://mantarayadvocates.com/wp-content/uploads/2018/09/Angelika-Ray-Images-2018-12.jpg
angelika-ray,https://mantarayadvocates.com/wp-content/uploads/2018/09/Angelika-Ray-Images-2018-11.jpg
angelika-ray,https://mantarayadvocates.com/wp-content/uploads/2018/09/Angelika-Ray-Images-2018-10.jpg
angelika-ray,https://mantarayadvocates.com/wp-content/uploads/2018/09/Angelika-Ray-Images-2018-9.jpg
angelika-ray,https://mantarayadvocates.com/wp-content/uploads/2018/09/Angelika-Ray-Images-2018-8.jpg
angelika-ray,https://mantarayadvocates.com/wp-content/uploads/2018/09/Angelika-Ray-Images-2018-7.jpg
angelika-ray,https://mantarayadvocates.com/wp-content/uploads/2018/09/Angelika-Ray-Images-2018-6.jpg
angelika-ray,https://mantarayadvocates.com/wp-content/uploads/2018/09/Angelika-Ray-Images-2018-5.jpg
angelika-ray,https://mantarayadvocates.com/wp-content/uploads/2018/09/Angelika-Ray-Images-2018-4.jpg
angelika-ray,https://mantarayadvocates.com/wp-content/uploads/2018/09/Angelika-Ray-Images-2018-3.jpg
angelika-ray,https://mantarayadvocates.com/wp-content/uploads/2018/09/Angelika-Ray-Images-2018-2.jpg
angelika-ray,https://mantarayadvocates.com/wp-content/uploads/2018/09/Angelika-Ray-Images-2018-1-scaled.jpg
big-bertha,https://mantarayadvocates.com/wp-content/uploads/2018/07/Big-Bertha-Images-2018-7.jpg
big-bertha,https://mantarayadvocates.com/wp-content/uploads/2018/07/Big-Bertha-Images-2018-6.jpg
big-bertha,https://mantarayadvocates.com/wp-content/uploads/2018/07/Big-Bertha-Images-2018-5.jpg
big-bertha,https://mantarayadvocates.com/wp-content/uploads/2018/07/Big-Bertha-Images-2018-4.jpg
big-bertha,https://mantarayadvocates.com/wp-content/uploads/2018/07/Big-Bertha-Images-2018-3.jpg
big-bertha,https://mantarayadvocates.com/wp-content/uploads/2018/07/Big-Bertha-Images-2018-2.jpg
big-bertha,https://mantarayadvocates.com/wp-content/uploads/2018/07/Big-Bertha-Images-2018-1.jpg
big-bertha,https://mantarayadvocates.com/wp-content/uploads/2018/07/Big-Bertha-Images-2018-7.jpg
big-bertha,https://mantarayadvocates.com/wp-content/uploads/2018/07/Big-Bertha-Images-2018-6.jpg
big-bertha,https://mantarayadvocates.com/wp-content/uploads/2018/07/Big-Bertha-Images-2018-5.jpg
big-bertha,https://mantarayadvocates.com/wp-content/uploads/2018/07/Big-Bertha-Images-2018-4.jpg
big-bertha,https://mantarayadvocates.com/wp-content/uploads/2018/07/Big-Bertha-Images-2018-3.jpg
big-bertha,https://mantarayadvocates.com/wp-content/uploads/2018/07/Big-Bertha-Images-2018-2.jpg
big-bertha,https://mantarayadvocates.com/wp-content/uploads/2018/07/Big-Bertha-Images-2018-1.jpg
blain-ray,https://mantarayadvocates.com/wp-content/uploads/2018/08/Blain-Ray-Images-2018-10.jpg
blain-ray,https://mantarayadvocates.com/wp-content/uploads/2018/08/Blain-Ray-Images-2018-9.jpg
blain-ray,https://mantarayadvocates.com/wp-content/uploads/2018/08/Blain-Ray-Images-2018-8.jpg
blain-ray,https://mantarayadvocates.com/wp-content/uploads/2018/08/Blain-Ray-Images-2018-7.jpg
blain-ray,https://mantarayadvocates.com/wp-content/uploads/2018/08/Blain-Ray-Images-2018-6.jpg
blain-ray,https://mantarayadvocates.com/wp-content/uploads/2018/08/Blain-Ray-Images-2018-5.jpg
blain-ray,https://mantarayadvocates.com/wp-content/uploads/2018/08/Blain-Ray-Images-2018-4.jpg
blain-ray,https://mantarayadvocates.com/wp-content/uploads/2018/08/Blain-Ray-Images-2018-3.jpg
blain-ray,https://mantarayadvocates.com/wp-content/uploads/2018/08/Blain-Ray-Images-2018-2.jpg
blain-ray,https://mantarayadvocates.com/wp-content/uploads/2018/08/Blain-Ray-Images-2018-1.jpg
blain-ray,https://mantarayadvocates.com/wp-content/uploads/2018/08/Blain-Ray-Images-2018-10.jpg
blain-ray,https://mantarayadvocates.com/wp-content/uploads/2018/08/Blain-Ray-Images-2018-9.jpg
blain-ray,https://mantarayadvocates.com/wp-content/uploads/2018/08/Blain-Ray-Images-2018-8.jpg
blain-ray,https://mantarayadvocates.com/wp-content/uploads/2018/08/Blain-Ray-Images-2018-7.jpg
blain-ray,https://mantarayadvocates.com/wp-content/uploads/2018/08/Blain-Ray-Images-2018-6.jpg
blain-ray,https://mantarayadvocates.com/wp-content/uploads/2018/08/Blain-Ray-Images-2018-5.jpg
blain-ray,https://mantarayadvocates.com/wp-content/uploads/2018/08/Blain-Ray-Images-2018-4.jpg
blain-ray,https://mantarayadvocates.com/wp-content/uploads/2018/08/Blain-Ray-Images-2018-3.jpg
blain-ray,https://mantarayadvocates.com/wp-content/uploads/2018/08/Blain-Ray-Images-2018-2.jpg
blain-ray,https://mantarayadvocates.com/wp-content/uploads/2018/08/Blain-Ray-Images-2018-1.jpg
bob-n-ray,https://mantarayadvocates.com/wp-content/uploads/2018/09/Bobn-Ray-Images-2018-5.jpg
bob-n-ray,https://mantarayadvocates.com/wp-content/uploads/2018/09/Bobn-Ray-Images-2018-4.jpg
bob-n-ray,https://mantarayadvocates.com/wp-content/uploads/2018/09/Bobn-Ray-Images-2018-3.jpg
bob-n-ray,https://mantarayadvocates.com/wp-content/uploads/2018/09/Bobn-Ray-Images-2018-2.jpg
bob-n-ray,https://mantarayadvocates.com/wp-content/uploads/2018/09/Bobn-Ray-Images-2018-1-scaled.jpg
bob-n-ray,https://mantarayadvocates.com/wp-content/uploads/2018/09/Bobn-Ray-Images-2018-5.jpg
bob-n-ray,https://mantarayadvocates.com/wp-content/uploads/2018/09/Bobn-Ray-Images-2018-4.jpg
bob-n-ray,https://mantarayadvocates.com/wp-content/uploads/2018/09/Bobn-Ray-Images-2018-3.jpg
bob-n-ray,https://mantarayadvocates.com/wp-content/uploads/2018/09/Bobn-Ray-Images-2018-2-scaled.jpg
bob-n-ray,https://mantarayadvocates.com/wp-content/uploads/2018/09/Bobn-Ray-Images-2018-1-scaled.jpg
boo-boo-ray,https://mantarayadvocates.com/wp-content/uploads/2018/09/BooBoo-Images-2018-5.jpg
boo-boo-ray,https://mantarayadvocates.com/wp-content/uploads/2018/09/BooBoo-Images-2018-4.jpg
boo-boo-ray,https://mantarayadvocates.com/wp-content/uploads/2018/09/BooBoo-Images-2018-3.jpg
boo-boo-ray,https://mantarayadvocates.com/wp-content/uploads/2018/09/BooBoo-Images-2018-2-scaled.jpg
boo-boo-ray,https://mantarayadvocates.com/wp-content/uploads/2018/09/BooBoo-Images-2018-1-scaled.jpg
boo-boo-ray,https://mantarayadvocates.com/wp-content/uploads/2018/09/Scarring-BooBoo-Ray-1.jpg
boo-boo-ray,https://mantarayadvocates.com/wp-content/uploads/2018/09/BooBoo-Images-2018-5.jpg
boo-boo-ray,https://mantarayadvocates.com/wp-content/uploads/2018/09/BooBoo-Images-2018-4.jpg
boo-boo-ray,https://mantarayadvocates.com/wp-content/uploads/2018/09/BooBoo-Images-2018-3.jpg
boo-boo-ray,https://mantarayadvocates.com/wp-content/uploads/2018/09/BooBoo-Images-2018-2-scaled.jpg
boo-boo-ray,https://mantarayadvocates.com/wp-content/uploads/2018/09/BooBoo-Images-2018-1-scaled.jpg
boo-boo-ray,https://mantarayadvocates.com/wp-content/uploads/2018/09/Scarring-BooBoo-Ray-1.jpg
cara-ray,https://mantarayadvocates.com/wp-content/uploads/2018/08/Cara-Ray-Images-2018-8.jpg
cara-ray,https://mantarayadvocates.com/wp-content/uploads/2018/08/Cara-Ray-Images-2018-7.jpg
cara-ray,https://mantarayadvocates.com/wp-content/uploads/2018/08/Cara-Ray-Images-2018-6.jpg
cara-ray,https://mantarayadvocates.com/wp-content/uploads/2018/08/Cara-Ray-Images-2018-5.jpg
cara-ray,https://mantarayadvocates.com/wp-content/uploads/2018/08/Cara-Ray-Images-2018-4.jpg
cara-ray,https://mantarayadvocates.com/wp-content/uploads/2018/08/Cara-Ray-Images-2018-3.jpg
cara-ray,https://mantarayadvocates.com/wp-content/uploads/2018/08/Cara-Ray-Images-2018-2.jpg
cara-ray,https://mantarayadvocates.com/wp-content/uploads/2018/08/Cara-Ray-Images-2018-1.jpg
cara-ray,https://mantarayadvocates.com/wp-content/uploads/2018/08/Scarring-Cara-Ray-1.jpg
cara-ray,https://mantarayadvocates.com/wp-content/uploads/2018/08/Cara-Ray-Images-2018-8.jpg
cara-ray,https://mantarayadvocates.com/wp-content/uploads/2018/08/Cara-Ray-Images-2018-7.jpg
cara-ray,https://mantarayadvocates.com/wp-content/uploads/2018/08/Cara-Ray-Images-2018-6.jpg
cara-ray,https://mantarayadvocates.com/wp-content/uploads/2018/08/Cara-Ray-Images-2018-5.jpg
cara-ray,https://mantarayadvocates.com/wp-content/uploads/2018/08/Cara-Ray-Images-2018-4.jpg
cara-ray,https://mantarayadvocates.com/wp-content/uploads/2018/08/Cara-Ray-Images-2018-3.jpg
cara-ray,https://mantarayadvocates.com/wp-content/uploads/2018/08/Cara-Ray-Images-2018-2.jpg
cara-ray,https://mantarayadvocates.com/wp-content/uploads/2018/08/Cara-Ray-Images-2018-1.jpg
cara-ray,https://mantarayadvocates.com/wp-content/uploads/2018/08/Scarring-Cara-Ray-1.jpg
conae-ray,https://mantarayadvocates.com/wp-content/uploads/2018/09/Conae-Ray-Images-2018-3.jpg
conae-ray,https://mantarayadvocates.com/wp-content/uploads/2018/09/Conae-Ray-Images-2018-2.jpg
conae-ray,https://mantarayadvocates.com/wp-content/uploads/2018/09/Conae-Ray-Images-2018-1-scaled.jpg
conae-ray,https://mantarayadvocates.com/wp-content/uploads/2018/09/Conae-Ray-Images-2018-3.jpg
conae-ray,https://mantarayadvocates.com/wp-content/uploads/2018/09/Conae-Ray-Images-2018-2.jpg
conae-ray,https://mantarayadvocates.com/wp-content/uploads/2018/09/Conae-Ray-Images-2018-1-scaled.jpg
cousteau-ray,https://mantarayadvocates.com/wp-content/uploads/2018/09/Cousteaur-Ray-Images-2018-5.jpg
cousteau-ray,https://mantarayadvocates.com/wp-content/uploads/2018/09/Cousteaur-Ray-Images-2018-4.jpg
cousteau-ray,https://mantarayadvocates.com/wp-content/uploads/2018/09/Cousteaur-Ray-Images-2018-3.jpg
cousteau-ray,https://mantarayadvocates.com/wp-content/uploads/2018/09/Cousteaur-Ray-Images-2018-2.jpg
cousteau-ray,https://mantarayadvocates.com/wp-content/uploads/2018/09/Cousteaur-Ray-Images-2018-1-scaled.jpg
cousteau-ray,https://mantarayadvocates.com/wp-content/uploads/2018/09/Cousteaur-Ray-Images-2018-5.jpg
cousteau-ray,https://mantarayadvocates.com/wp-content/uploads/2018/09/Cousteaur-Ray-Images-2018-4.jpg
cousteau-ray,https://mantarayadvocates.com/wp-content/uploads/2018/09/Cousteaur-Ray-Images-2018-3.jpg
cousteau-ray,https://mantarayadvocates.com/wp-content/uploads/2018/09/Cousteaur-Ray-Images-2018-2.jpg
cousteau-ray,https://mantarayadvocates.com/wp-content/uploads/2018/09/Cousteaur-Ray-Images-2018-1-scaled.jpg
csilla-ray,https://mantarayadvocates.com/wp-content/uploads/2018/09/Csillar-Ray-Images-2018-5.jpg
csilla-ray,https://mantarayadvocates.com/wp-content/uploads/2018/09/Csillar-Ray-Images-2018-4.jpg
csilla-ray,https://mantarayadvocates.com/wp-content/uploads/2018/09/Csillar-Ray-Images-2018-3.jpg
csilla-ray,https://mantarayadvocates.com/wp-content/uploads/2018/09/Csillar-Ray-Images-2018-2.jpg
csilla-ray,https://mantarayadvocates.com/wp-content/uploads/2018/09/Csillar-Ray-Images-2018-1-scaled.jpg
csilla-ray,https://mantarayadvocates.com/wp-content/uploads/2018/09/Csillar-Ray-Images-2018-5.jpg
csilla-ray,https://mantarayadvocates.com/wp-content/uploads/2018/09/Csillar-Ray-Images-2018-4.jpg
csilla-ray,https://mantarayadvocates.com/wp-content/uploads/2018/09/Csillar-Ray-Images-2018-3.jpg
csilla-ray,https://mantarayadvocates.com/wp-content/uploads/2018/09/Csillar-Ray-Images-2018-2.jpg
csilla-ray,https://mantarayadvocates.com/wp-content/uploads/2018/09/Csillar-Ray-Images-2018-1-scaled.jpg
curly-ray,https://mantarayadvocates.com/wp-content/uploads/2018/09/Curly-Ray-Images-2018-8-scaled.jpg
curly-ray,https://mantarayadvocates.com/wp-content/uploads/2018/09/Curly-Ray-Images-2018-7-scaled.jpg
curly-ray,https://mantarayadvocates.com/wp-content/uploads/2018/09/Curly-Ray-Images-2018-6-scaled.jpg
curly-ray,https://mantarayadvocates.com/wp-content/uploads/2018/09/Curly-Ray-Images-2018-5-scaled.jpg
curly-ray,https://mantarayadvocates.com/wp-content/uploads/2018/09/Curly-Ray-Images-2018-4-scaled.jpg
curly-ray,https://mantarayadvocates.com/wp-content/uploads/2018/09/Curly-Ray-Images-2018-3-scaled.jpg
curly-ray,https://mantarayadvocates.com/wp-content/uploads/2018/09/Curly-Ray-Images-2018-2-scaled.jpg
curly-ray,https://mantarayadvocates.com/wp-content/uploads/2018/09/Curly-Ray-Images-2018-1-scaled.jpg
curly-ray,https://mantarayadvocates.com/wp-content/uploads/2018/09/Scarring-Curly-Ray-1.jpg
curly-ray,https://mantarayadvocates.com/wp-content/uploads/2018/09/Curly-Ray-Images-2018-8-scaled.jpg
curly-ray,https://mantarayadvocates.com/wp-content/uploads/2018/09/Curly-Ray-Images-2018-7-scaled.jpg
curly-ray,https://mantarayadvocates.com/wp-content/uploads/2018/09/Curly-Ray-Images-2018-6-scaled.jpg
curly-ray,https://mantarayadvocates.com/wp-content/uploads/2018/09/Curly-Ray-Images-2018-5-scaled.jpg
curly-ray,https://mantarayadvocates.com/wp-content/uploads/2018/09/Curly-Ray-Images-2018-4-scaled.jpg
curly-ray,https://mantarayadvocates.com/wp-content/uploads/2018/09/Curly-Ray-Images-2018-3-scaled.jpg
curly-ray,https://mantarayadvocates.com/wp-content/uploads/2018/09/Curly-Ray-Images-2018-2-scaled.jpg
curly-ray,https://mantarayadvocates.com/wp-content/uploads/2018/09/Curly-Ray-Images-2018-1-scaled.jpg
curly-ray,https://mantarayadvocates.com/wp-content/uploads/2018/09/Scarring-Curly-Ray-1.jpg
daniel-ray,https://mantarayadvocates.com/wp-content/uploads/2018/09/Daniel-Ray-Images-2018-5.jpg
daniel-ray,https://mantarayadvocates.com/wp-content/uploads/2018/09/Daniel-Ray-Images-2018-4.jpg
daniel-ray,https://mantarayadvocates.com/wp-content/uploads/2018/09/Daniel-Ray-Images-2018-3.jpg
daniel-ray,https://mantarayadvocates.com/wp-content/uploads/2018/09/Daniel-Ray-Images-2018-2.jpg
daniel-ray,https://mantarayadvocates.com/wp-content/uploads/2018/09/Daniel-Ray-Images-2018-1-scaled.jpg
daniel-ray,https://mantarayadvocates.com/wp-content/uploads/2018/09/Daniel-Ray-Images-2018-5.jpg
daniel-ray,https://mantarayadvocates.com/wp-content/uploads/2018/09/Daniel-Ray-Images-2018-4.jpg
daniel-ray,https://mantarayadvocates.com/wp-content/uploads/2018/09/Daniel-Ray-Images-2018-3.jpg
daniel-ray,https://mantarayadvocates.com/wp-content/uploads/2018/09/Daniel-Ray-Images-2018-2.jpg
daniel-ray,https://mantarayadvocates.com/wp-content/uploads/2018/09/Daniel-Ray-Images-2018-1-scaled.jpg
darth-ray-der,https://mantarayadvocates.com/wp-content/uploads/2018/07/Darth-Ray-der-Images2018-3.jpg
darth-ray-der,https://mantarayadvocates.com/wp-content/uploads/2018/07/Darth-Ray-der-Images2018-2.jpg
darth-ray-der,https://mantarayadvocates.com/wp-content/uploads/2018/07/Darth-Ray-der-Images2018-1.jpg
darth-ray-der,https://mantarayadvocates.com/wp-content/uploads/2018/07/Darth-Ray-der-Images2018-3.jpg
darth-ray-der,https://mantarayadvocates.com/wp-content/uploads/2018/07/Darth-Ray-der-Images2018-2.jpg
darth-ray-der,https://mantarayadvocates.com/wp-content/uploads/2018/07/Darth-Ray-der-Images2018-1.jpg
delaney-ray,https://mantarayadvocates.com/wp-content/uploads/2018/09/Delaney-Ray-Images-2018-7.jpg
delaney-ray,https://mantarayadvocates.com/wp-content/uploads/2018/09/Delaney-Ray-Images-2018-6.jpg
delaney-ray,https://mantarayadvocates.com/wp-content/uploads/2018/09/Delaney-Ray-Images-2018-5.jpg
delaney-ray,https://mantarayadvocates.com/wp-content/uploads/2018/09/Delaney-Ray-Images-2018-4.jpg
delaney-ray,https://mantarayadvocates.com/wp-content/uploads/2018/09/Delaney-Ray-Images-2018-3.jpg
delaney-ray,https://mantarayadvocates.com/wp-content/uploads/2018/09/Delaney-Ray-Images-2018-2.jpg
delaney-ray,https://mantarayadvocates.com/wp-content/uploads/2018/09/Delaney-Ray-Images-2018-1-scaled.jpg
delaney-ray,https://mantarayadvocates.com/wp-content/uploads/2018/09/Delaney-Ray-Images-2018-7.jpg
delaney-ray,https://mantarayadvocates.com/wp-content/uploads/2018/09/Delaney-Ray-Images-2018-6.jpg
delaney-ray,https://mantarayadvocates.com/wp-content/uploads/2018/09/Delaney-Ray-Images-2018-5.jpg
delaney-ray,https://mantarayadvocates.com/wp-content/uploads/2018/09/Delaney-Ray-Images-2018-4.jpg
delaney-ray,https://mantarayadvocates.com/wp-content/uploads/2018/09/Delaney-Ray-Images-2018-3.jpg
delaney-ray,https://mantarayadvocates.com/wp-content/uploads/2018/09/Delaney-Ray-Images-2018-2.jpg
delaney-ray,https://mantarayadvocates.com/wp-content/uploads/2018/09/Delaney-Ray-Images-2018-1-scaled.jpg
dionne-ray,https://mantarayadvocates.com/wp-content/uploads/2018/09/Dionne-Ray-Images-2018-4.jpg
dionne-ray,https://mantarayadvocates.com/wp-content/uploads/2018/09/Dionne-Ray-Images-2018-3.jpg
dionne-ray,https://mantarayadvocates.com/wp-content/uploads/2018/09/Dionne-Ray-Images-2018-2.jpg
dionne-ray,https://mantarayadvocates.com/wp-content/uploads/2018/09/Dionne-Ray-Images-2018-1-scaled.jpg
dionne-ray,https://mantarayadvocates.com/wp-content/uploads/2018/09/Dionne-Ray-Images-2018-4.jpg
dionne-ray,https://mantarayadvocates.com/wp-content/uploads/2018/09/Dionne-Ray-Images-2018-3.jpg
dionne-ray,https://mantarayadvocates.com/wp-content/uploads/2018/09/Dionne-Ray-Images-2018-2.jpg
dionne-ray,https://mantarayadvocates.com/wp-content/uploads/2018/09/Dionne-Ray-Images-2018-1-scaled.jpg
doug-ray,https://mantarayadvocates.com/wp-content/uploads/2018/09/Doug-Ray-Images-2018-7.jpg
doug-ray,https://mantarayadvocates.com/wp-content/uploads/2018/09/Doug-Ray-Images-2018-6.jpg
doug-ray,https://mantarayadvocates.com/wp-content/uploads/2018/09/Doug-Ray-Images-2018-5.jpg
doug-ray,https://mantarayadvocates.com/wp-content/uploads/2018/09/Doug-Ray-Images-2018-4.jpg
doug-ray,https://mantarayadvocates.com/wp-content/uploads/2018/09/Doug-Ray-Images-2018-3.jpg
doug-ray,https://mantarayadvocates.com/wp-content/uploads/2018/09/Doug-Ray-Images-2018-2-scaled.jpg
doug-ray,https://mantarayadvocates.com/wp-content/uploads/2018/09/Doug-Ray-Images-2018-1-scaled.jpg
doug-ray,https://mantarayadvocates.com/wp-content/uploads/2018/09/Scarring-Doug-Ray-2.jpg
doug-ray,https://mantarayadvocates.com/wp-content/uploads/2018/09/Scarring-Doug-Ray-1.jpg
doug-ray,https://mantarayadvocates.com/wp-content/uploads/2018/09/Doug-Ray-Images-2018-7.jpg
doug-ray,https://mantarayadvocates.com/wp-content/uploads/2018/09/Doug-Ray-Images-2018-6.jpg
doug-ray,https://mantarayadvocates.com/wp-content/uploads/2018/09/Doug-Ray-Images-2018-5.jpg
doug-ray,https://mantarayadvocates.com/wp-content/uploads/2018/09/Doug-Ray-Images-2018-4.jpg
doug-ray,https://mantarayadvocates.com/wp-content/uploads/2018/09/Doug-Ray-Images-2018-3.jpg
doug-ray,https://mantarayadvocates.com/wp-content/uploads/2018/09/Doug-Ray-Images-2018-2-scaled.jpg
doug-ray,https://mantarayadvocates.com/wp-content/uploads/2018/09/Doug-Ray-Images-2018-1-scaled.jpg
doug-ray,https://mantarayadvocates.com/wp-content/uploads/2018/09/Scarring-Doug-Ray-2.jpg
doug-ray,https://mantarayadvocates.com/wp-content/uploads/2018/09/Scarring-Doug-Ray-1.jpg
eli-ray,https://mantarayadvocates.com/wp-content/uploads/2018/09/Eli-Ray-Images-2018-4.jpg
eli-ray,https://mantarayadvocates.com/wp-content/uploads/2018/09/Eli-Ray-Images-2018-3.jpg
eli-ray,https://mantarayadvocates.com/wp-content/uploads/2018/09/Eli-Ray-Images-2018-2.jpg
eli-ray,https://mantarayadvocates.com/wp-content/uploads/2018/09/Eli-Ray-Images-2018-1-scaled.jpg
eli-ray,https://mantarayadvocates.com/wp-content/uploads/2018/09/Eli-Ray-Images-2018-4.jpg
eli-ray,https://mantarayadvocates.com/wp-content/uploads/2018/09/Eli-Ray-Images-2018-3.jpg
eli-ray,https://mantarayadvocates.com/wp-content/uploads/2018/09/Eli-Ray-Images-2018-2.jpg
eli-ray,https://mantarayadvocates.com/wp-content/uploads/2018/09/Eli-Ray-Images-2018-1-scaled.jpg
emma-ray,https://mantarayadvocates.com/wp-content/uploads/2018/09/Lumiere-by-Disney-1-scaled.jpg
emma-ray,https://mantarayadvocates.com/wp-content/uploads/2018/09/Emma-Ray-Images-2018-4.jpg
emma-ray,https://mantarayadvocates.com/wp-content/uploads/2018/09/Emma-Ray-Images-2018-3.jpg
emma-ray,https://mantarayadvocates.com/wp-content/uploads/2018/09/Emma-Ray-Images-2018-2.jpg
emma-ray,https://mantarayadvocates.com/wp-content/uploads/2018/09/Emma-Ray-Images-2018-1-scaled.jpg
emma-ray,https://mantarayadvocates.com/wp-content/uploads/2018/09/Lumiere-by-Disney-1-scaled.jpg
emma-ray,https://mantarayadvocates.com/wp-content/uploads/2018/09/Emma-Ray-Images-2018-4.jpg
emma-ray,https://mantarayadvocates.com/wp-content/uploads/2018/09/Emma-Ray-Images-2018-3.jpg
emma-ray,https://mantarayadvocates.com/wp-content/uploads/2018/09/Emma-Ray-Images-2018-2.jpg
emma-ray,https://mantarayadvocates.com/wp-content/uploads/2018/09/Emma-Ray-Images-2018-1-scaled.jpg
grayer-ray,https://mantarayadvocates.com/wp-content/uploads/2018/09/Grayer-Ray-Images-2018-8-scaled.jpg
grayer-ray,https://mantarayadvocates.com/wp-content/uploads/2018/09/Grayer-Ray-Images-2018-7-scaled.jpg
grayer-ray,https://mantarayadvocates.com/wp-content/uploads/2018/09/Grayer-Ray-Images-2018-6-scaled.jpg
grayer-ray,https://mantarayadvocates.com/wp-content/uploads/2018/09/Grayer-Ray-Images-2018-5-scaled.jpg
grayer-ray,https://mantarayadvocates.com/wp-content/uploads/2018/09/Grayer-Ray-Images-2018-4-scaled.jpg
grayer-ray,https://mantarayadvocates.com/wp-content/uploads/2018/09/Grayer-Ray-Images-2018-3-scaled.jpg
grayer-ray,https://mantarayadvocates.com/wp-content/uploads/2018/09/Grayer-Ray-Images-2018-2-scaled.jpg
grayer-ray,https://mantarayadvocates.com/wp-content/uploads/2018/09/Grayer-Ray-Images-2018-1-scaled.jpg
grayer-ray,https://mantarayadvocates.com/wp-content/uploads/2018/09/Grayer-Ray-Images-2018-8.jpg
grayer-ray,https://mantarayadvocates.com/wp-content/uploads/2018/09/Grayer-Ray-Images-2018-7.jpg
grayer-ray,https://mantarayadvocates.com/wp-content/uploads/2018/09/Grayer-Ray-Images-2018-6-scaled.jpg
grayer-ray,https://mantarayadvocates.com/wp-content/uploads/2018/09/Grayer-Ray-Images-2018-5.jpg
grayer-ray,https://mantarayadvocates.com/wp-content/uploads/2018/09/Grayer-Ray-Images-2018-4.jpg
grayer-ray,https://mantarayadvocates.com/wp-content/uploads/2018/09/Grayer-Ray-Images-2018-3.jpg
grayer-ray,https://mantarayadvocates.com/wp-content/uploads/2018/09/Grayer-Ray-Images-2018-2-scaled.jpg
grayer-ray,https://mantarayadvocates.com/wp-content/uploads/2018/09/Grayer-Ray-Images-2018-1-scaled.jpg
guillermo-ray,https://mantarayadvocates.com/wp-content/uploads/2018/09/Guillermo-Images-2018-2.jpg
guillermo-ray,https://mantarayadvocates.com/wp-content/uploads/2018/09/Guillermo-Images-2018-1.jpg
hans-ray,https://mantarayadvocates.com/wp-content/uploads/2018/07/Hans-Ray-Images2018-3.jpg
hans-ray,https://mantarayadvocates.com/wp-content/uploads/2018/07/Hans-Ray-Images2018-2.jpg
hans-ray,https://mantarayadvocates.com/wp-content/uploads/2018/07/Hans-Ray-Images2018-1.jpg
hans-ray,https://mantarayadvocates.com/wp-content/uploads/2018/07/Hans-Ray-Images2018-3.jpg
hans-ray,https://mantarayadvocates.com/wp-content/uploads/2018/07/Hans-Ray-Images2018-2.jpg
hans-ray,https://mantarayadvocates.com/wp-content/uploads/2018/07/Hans-Ray-Images2018-1.jpg
hayden-ray,https://mantarayadvocates.com/wp-content/uploads/2018/09/Hayden-Ray-Images-2018-6.jpg
hayden-ray,https://mantarayadvocates.com/wp-content/uploads/2018/09/Hayden-Ray-Images-2018-5.jpg
hayden-ray,https://mantarayadvocates.com/wp-content/uploads/2018/09/Hayden-Ray-Images-2018-4.jpg
hayden-ray,https://mantarayadvocates.com/wp-content/uploads/2018/09/Hayden-Ray-Images-2018-3.jpg
hayden-ray,https://mantarayadvocates.com/wp-content/uploads/2018/09/Hayden-Ray-Images-2018-2.jpg
hayden-ray,https://mantarayadvocates.com/wp-content/uploads/2018/09/Hayden-Ray-Images-2018-1-scaled.jpg
hayden-ray,https://mantarayadvocates.com/wp-content/uploads/2018/09/Hayden-Ray-Images-2018-6.jpg
hayden-ray,https://mantarayadvocates.com/wp-content/uploads/2018/09/Hayden-Ray-Images-2018-5.jpg
hayden-ray,https://mantarayadvocates.com/wp-content/uploads/2018/09/Hayden-Ray-Images-2018-4.jpg
hayden-ray,https://mantarayadvocates.com/wp-content/uploads/2018/09/Hayden-Ray-Images-2018-3.jpg
hayden-ray,https://mantarayadvocates.com/wp-content/uploads/2018/09/Hayden-Ray-Images-2018-2.jpg
hayden-ray,https://mantarayadvocates.com/wp-content/uploads/2018/09/Hayden-Ray-Images-2018-1-scaled.jpg
ho-ray,https://mantarayadvocates.com/wp-content/uploads/2018/09/Ho-Ray-Images-2018-5.jpg
ho-ray,https://mantarayadvocates.com/wp-content/uploads/2018/09/Ho-Ray-Images-2018-4.jpg
ho-ray,https://mantarayadvocates.com/wp-content/uploads/2018/09/Ho-Ray-Images-2018-3.jpg
ho-ray,https://mantarayadvocates.com/wp-content/uploads/2018/09/Ho-Ray-Images-2018-2.jpg
ho-ray,https://mantarayadvocates.com/wp-content/uploads/2018/09/Ho-Ray-Images-2018-1-scaled.jpg
ho-ray,https://mantarayadvocates.com/wp-content/uploads/2018/09/Ho-Ray-Images-2018-5.jpg
ho-ray,https://mantarayadvocates.com/wp-content/uploads/2018/09/Ho-Ray-Images-2018-4.jpg
ho-ray,https://mantarayadvocates.com/wp-content/uploads/2018/09/Ho-Ray-Images-2018-3.jpg
ho-ray,https://mantarayadvocates.com/wp-content/uploads/2018/09/Ho-Ray-Images-2018-2.jpg
ho-ray,https://mantarayadvocates.com/wp-content/uploads/2018/09/Ho-Ray-Images-2018-1-scaled.jpg
independence-ray,https://mantarayadvocates.com/wp-content/uploads/2018/09/Independence-Ray-Images-2018-3.jpg
independence-ray,https://mantarayadvocates.com/wp-content/uploads/2018/09/Independence-Ray-Images-2018-2.jpg
independence-ray,https://mantarayadvocates.com/wp-content/uploads/2018/09/Independence-Ray-Images-2018-1-scaled.jpg
independence-ray,https://mantarayadvocates.com/wp-content/uploads/2018/09/Independence-Ray-Images-2018-3.jpg
independence-ray,https://mantarayadvocates.com/wp-content/uploads/2018/09/Independence-Ray-Images-2018-2.jpg
independence-ray,https://mantarayadvocates.com/wp-content/uploads/2018/09/Independence-Ray-Images-2018-1-scaled.jpg
isabel-ray,https://mantarayadvocates.com/wp-content/uploads/2018/09/Isabel-Ray-Images-2018-5.jpg
isabel-ray,https://mantarayadvocates.com/wp-content/uploads/2018/09/Isabel-Ray-Images-2018-4.jpg
isabel-ray,https://mantarayadvocates.com/wp-content/uploads/2018/09/Isabel-Ray-Images-2018-3.jpg
isabel-ray,https://mantarayadvocates.com/wp-content/uploads/2018/09/Isabel-Ray-Images-2018-2-scaled.jpg
isabel-ray,https://mantarayadvocates.com/wp-content/uploads/2018/09/Isabel-Ray-Images-2018-1-scaled.jpg
isabel-ray,https://mantarayadvocates.com/wp-content/uploads/2018/09/Scarring-Isabel-Ray-1.jpg
isabel-ray,https://mantarayadvocates.com/wp-content/uploads/2018/09/Isabel-Ray-Images-2018-5.jpg
isabel-ray,https://mantarayadvocates.com/wp-content/uploads/2018/09/Isabel-Ray-Images-2018-4.jpg
isabel-ray,https://mantarayadvocates.com/wp-content/uploads/2018/09/Isabel-Ray-Images-2018-3.jpg
isabel-ray,https://mantarayadvocates.com/wp-content/uploads/2018/09/Isabel-Ray-Images-2018-2-scaled.jpg
isabel-ray,https://mantarayadvocates.com/wp-content/uploads/2018/09/Isabel-Ray-Images-2018-1-scaled.jpg
isabel-ray,https://mantarayadvocates.com/wp-content/uploads/2018/09/Scarring-Isabel-Ray-1.jpg
j9-ray,https://mantarayadvocates.com/wp-content/uploads/2018/09/J9-Ray-Images-2018-4.jpg
j9-ray,https://mantarayadvocates.com/wp-content/uploads/2018/09/J9-Ray-Images-2018-3.jpg
j9-ray,https://mantarayadvocates.com/wp-content/uploads/2018/09/J9-Ray-Images-2018-2.jpg
j9-ray,https://mantarayadvocates.com/wp-content/uploads/2018/09/J9-Ray-Images-2018-1-scaled.jpg
j9-ray,https://mantarayadvocates.com/wp-content/uploads/2018/09/Scarring-J9-1.jpg
j9-ray,https://mantarayadvocates.com/wp-content/uploads/2018/09/J9-Ray-Images-2018-4.jpg
j9-ray,https://mantarayadvocates.com/wp-content/uploads/2018/09/J9-Ray-Images-2018-3.jpg
j9-ray,https://mantarayadvocates.com/wp-content/uploads/2018/09/J9-Ray-Images-2018-2.jpg
j9-ray,https://mantarayadvocates.com/wp-content/uploads/2018/09/J9-Ray-Images-2018-1-scaled.jpg
j9-ray,https://mantarayadvocates.com/wp-content/uploads/2018/09/Scarring-J9-1.jpg
jolene-ray,https://i.ytimg.com/vi/XkcFJeOWlYA/hqdefault.jpg
jolene-ray,https://mantarayadvocates.com/wp-content/uploads/2023/05/Jolene-Spot-Pattern-e1684015606282.jpg
jolene-ray,https://mantarayadvocates.com/wp-content/uploads/2023/05/Jolene-.jpg
jolene-ray,https://mantarayadvocates.com/wp-content/uploads/2023/05/Jolene-Mouth.jpg
jolene-ray,https://mantarayadvocates.com/wp-content/uploads/2023/05/Jolene-Eye-Breach-Surface.jpg
jolene-ray,https://mantarayadvocates.com/wp-content/uploads/2023/05/Jolene-Ray-ID-Chewbacca-10.png
jolene-ray,https://mantarayadvocates.com/wp-content/uploads/2023/10/Jolene-Wingtip-Out.png
jolene-ray,https://mantarayadvocates.com/wp-content/uploads/2023/05/Jolene-Spot-Pattern.jpg
jolene-ray,https://mantarayadvocates.com/wp-content/uploads/2023/05/Jolene-.jpg
jolene-ray,https://mantarayadvocates.com/wp-content/uploads/2023/05/Jolene-Mouth.jpg
jolene-ray,https://mantarayadvocates.com/wp-content/uploads/2023/05/Jolene-Eye-Breach-Surface.jpg
jolene-ray,https://mantarayadvocates.com/wp-content/uploads/2023/05/Jolene-Ray-ID-Chewbacca-10.png
kamala-ray,https://mantarayadvocates.com/wp-content/uploads/2022/05/Kamala-Ray-Slide-04-05-2022-2.jpg
kamala-ray,https://mantarayadvocates.com/wp-content/uploads/2022/05/Kamala-Ray-Slide-04-05-2022-1.jpg
kamala-ray,https://mantarayadvocates.com/wp-content/uploads/2022/05/Kamala-Ray-Slide-12-15-2021-1.jpg
kamala-ray,https://mantarayadvocates.com/wp-content/uploads/2022/05/Kamala-Ray-Slide-12-15-2021-3.jpg
kamala-ray,https://mantarayadvocates.com/wp-content/uploads/2022/05/Kamala-Ray-Slide-12-15-2021-2.jpg
kamala-ray,https://mantarayadvocates.com/wp-content/uploads/2022/05/Kamala-Ray-Slide-11-23-2021-2.jpg
kamala-ray,https://mantarayadvocates.com/wp-content/uploads/2022/05/Kamala-Ray-Slide-11-23-2021-1b.jpg
kamala-ray,https://mantarayadvocates.com/wp-content/uploads/2022/05/Kamala-Ray-Slide-11-23-2021-3.jpg
kamala-ray,https://mantarayadvocates.com/wp-content/uploads/2022/05/Kamala-Ray-Slide-11-23-2021-5.jpg
kamala-ray,https://mantarayadvocates.com/wp-content/uploads/2022/05/Kamala-Ray-Slide-11-23-2021-7.jpg
kamala-ray,https://mantarayadvocates.com/wp-content/uploads/2022/05/Kamala-Ray-Slide-11-23-2021-9.jpg
kamala-ray,https://mantarayadvocates.com/wp-content/uploads/2022/05/Kamala-Ray-Slide-11-23-2021-6.jpg
kamala-ray,https://mantarayadvocates.com/wp-content/uploads/2022/05/Kamala-Ray-Slide-11-23-2021-8.jpg
kamala-ray,https://mantarayadvocates.com/wp-content/uploads/2022/05/Kamala-Ray-Slide-11-23-2021-4.jpg
kamala-ray,https://mantarayadvocates.com/wp-content/uploads/2022/05/Kamala-Ray-Slide-04-05-2022-2.jpg
kamala-ray,https://mantarayadvocates.com/wp-content/uploads/2022/05/Kamala-Ray-Slide-04-05-2022-1.jpg
kamala-ray,https://mantarayadvocates.com/wp-content/uploads/2022/05/Kamala-Ray-Slide-12-15-2021-1.jpg
kamala-ray,https://mantarayadvocates.com/wp-content/uploads/2022/05/Kamala-Ray-Slide-12-15-2021-3.jpg
kamala-ray,https://mantarayadvocates.com/wp-content/uploads/2022/05/Kamala-Ray-Slide-12-15-2021-2.jpg
kamala-ray,https://mantarayadvocates.com/wp-content/uploads/2022/05/Kamala-Ray-Slide-11-23-2021-2.jpg
kamala-ray,https://mantarayadvocates.com/wp-content/uploads/2022/05/Kamala-Ray-Slide-11-23-2021-1b.jpg
kamala-ray,https://mantarayadvocates.com/wp-content/uploads/2022/05/Kamala-Ray-Slide-11-23-2021-3.jpg
kamala-ray,https://mantarayadvocates.com/wp-content/uploads/2022/05/Kamala-Ray-Slide-11-23-2021-5.jpg
kamala-ray,https://mantarayadvocates.com/wp-content/uploads/2022/05/Kamala-Ray-Slide-11-23-2021-7.jpg
kamala-ray,https://mantarayadvocates.com/wp-content/uploads/2022/05/Kamala-Ray-Slide-11-23-2021-9.jpg
kamala-ray,https://mantarayadvocates.com/wp-content/uploads/2022/05/Kamala-Ray-Slide-11-23-2021-6.jpg
kamala-ray,https://mantarayadvocates.com/wp-content/uploads/2022/05/Kamala-Ray-Slide-11-23-2021-8.jpg
kamala-ray,https://mantarayadvocates.com/wp-content/uploads/2022/05/Kamala-Ray-Slide-11-23-2021-4.jpg
koie-ray,https://mantarayadvocates.com/wp-content/uploads/2018/07/Koie-Ray-Images-2018-8.jpg
koie-ray,https://mantarayadvocates.com/wp-content/uploads/2018/07/Koie-Ray-Images-2018-7.jpg
koie-ray,https://mantarayadvocates.com/wp-content/uploads/2018/07/Koie-Ray-Images-2018-6.jpg
koie-ray,https://mantarayadvocates.com/wp-content/uploads/2018/07/Koie-Ray-Images-2018-5.jpg
koie-ray,https://mantarayadvocates.com/wp-content/uploads/2018/07/Koie-Ray-Images-2018-4.jpg
koie-ray,https://mantarayadvocates.com/wp-content/uploads/2018/07/Koie-Ray-Images-2018-3.jpg
koie-ray,https://mantarayadvocates.com/wp-content/uploads/2018/07/Koie-Ray-Images-2018-2.jpg
koie-ray,https://mantarayadvocates.com/wp-content/uploads/2018/07/Koie-Ray-Images-2018-1.jpg
koie-ray,https://mantarayadvocates.com/wp-content/uploads/2018/07/Scarring-Koie-cephalic-fin-1b.jpg
koie-ray,https://mantarayadvocates.com/wp-content/uploads/2018/07/Scarring-Koie-tail-1b.jpg
koie-ray,https://mantarayadvocates.com/wp-content/uploads/2018/07/Koie-Ray-Images-2018-8.jpg
koie-ray,https://mantarayadvocates.com/wp-content/uploads/2018/07/Koie-Ray-Images-2018-7.jpg
koie-ray,https://mantarayadvocates.com/wp-content/uploads/2018/07/Koie-Ray-Images-2018-6.jpg
koie-ray,https://mantarayadvocates.com/wp-content/uploads/2018/07/Koie-Ray-Images-2018-5.jpg
koie-ray,https://mantarayadvocates.com/wp-content/uploads/2018/07/Koie-Ray-Images-2018-4.jpg
koie-ray,https://mantarayadvocates.com/wp-content/uploads/2018/07/Koie-Ray-Images-2018-3.jpg
koie-ray,https://mantarayadvocates.com/wp-content/uploads/2018/07/Koie-Ray-Images-2018-2.jpg
koie-ray,https://mantarayadvocates.com/wp-content/uploads/2018/07/Koie-Ray-Images-2018-1.jpg
koie-ray,https://mantarayadvocates.com/wp-content/uploads/2018/07/Scarring-Koie-cephalic-fin-1b.jpg
koie-ray,https://mantarayadvocates.com/wp-content/uploads/2018/07/Scarring-Koie-tail-1b.jpg
linda-ray,https://mantarayadvocates.com/wp-content/uploads/2024/04/Linda-Linda-Ray-sm1.jpg
linda-ray,https://mantarayadvocates.com/wp-content/uploads/2024/04/Linda-Ray-M1-sm.jpg
linda-ray,https://mantarayadvocates.com/wp-content/uploads/2024/04/Linda-Linda-Ray-sm1.jpg
linda-ray,https://mantarayadvocates.com/wp-content/uploads/2024/04/Linda-Ray-M1-sm.jpg
martina-ray,https://mantarayadvocates.com/wp-content/uploads/2018/08/Martina-Ray-Images-2018-9.jpg
martina-ray,https://mantarayadvocates.com/wp-content/uploads/2018/08/Martina-Ray-Images-2018-8.jpg
martina-ray,https://mantarayadvocates.com/wp-content/uploads/2018/08/Martina-Ray-Images-2018-7.jpg
martina-ray,https://mantarayadvocates.com/wp-content/uploads/2018/08/Martina-Ray-Images-2018-6.jpg
martina-ray,https://mantarayadvocates.com/wp-content/uploads/2018/08/Martina-Ray-Images-2018-5.jpg
martina-ray,https://mantarayadvocates.com/wp-content/uploads/2018/08/Martina-Ray-Images-2018-4.jpg
martina-ray,https://mantarayadvocates.com/wp-content/uploads/2018/08/Martina-Ray-Images-2018-3.jpg
martina-ray,https://mantarayadvocates.com/wp-content/uploads/2018/08/Martina-Ray-Images-2018-2.jpg
martina-ray,https://mantarayadvocates.com/wp-content/uploads/2018/08/Martina-Ray-Images-2018-1.jpg
martina-ray,https://mantarayadvocates.com/wp-content/uploads/2018/08/Martina-Ray-Images-2018-9.jpg
martina-ray,https://mantarayadvocates.com/wp-content/uploads/2018/08/Martina-Ray-Images-2018-8.jpg
martina-ray,https://mantarayadvocates.com/wp-content/uploads/2018/08/Martina-Ray-Images-2018-7.jpg
martina-ray,https://mantarayadvocates.com/wp-content/uploads/2018/08/Martina-Ray-Images-2018-6.jpg
martina-ray,https://mantarayadvocates.com/wp-content/uploads/2018/08/Martina-Ray-Images-2018-5.jpg
martina-ray,https://mantarayadvocates.com/wp-content/uploads/2018/08/Martina-Ray-Images-2018-4.jpg
martina-ray,https://mantarayadvocates.com/wp-content/uploads/2018/08/Martina-Ray-Images-2018-3.jpg
martina-ray,https://mantarayadvocates.com/wp-content/uploads/2018/08/Martina-Ray-Images-2018-2.jpg
martina-ray,https://mantarayadvocates.com/wp-content/uploads/2018/08/Martina-Ray-Images-2018-1.jpg
otho-dee-ray,https://mantarayadvocates.com/wp-content/uploads/2024/10/Ottho-Dee-Injuries1.jpg
otho-dee-ray,https://mantarayadvocates.com/wp-content/uploads/2024/10/Otho-Dee-Injuries2.jpg
otho-dee-ray,https://mantarayadvocates.com/wp-content/uploads/2024/10/Otho-Dee-Injuries3.jpg
otho-dee-ray,https://mantarayadvocates.com/wp-content/uploads/2024/10/Otho-Dee-Injuries4.jpg
otho-dee-ray,https://mantarayadvocates.com/wp-content/uploads/2024/10/Otho-Dee-Injuries5.jpg
otho-dee-ray,https://mantarayadvocates.com/wp-content/uploads/2024/10/Ottho-Dee-Injuries1.jpg
otho-dee-ray,https://mantarayadvocates.com/wp-content/uploads/2024/10/Otho-Dee-Injuries2.jpg
otho-dee-ray,https://mantarayadvocates.com/wp-content/uploads/2024/10/Otho-Dee-Injuries3.jpg
otho-dee-ray,https://mantarayadvocates.com/wp-content/uploads/2024/10/Otho-Dee-Injuries4.jpg
otho-dee-ray,https://mantarayadvocates.com/wp-content/uploads/2024/10/Otho-Dee-Injuries5.jpg
shirley-ray,https://mantarayadvocates.com/wp-content/uploads/2018/07/Shirley-Ray-Images-2018-9.jpg
shirley-ray,https://mantarayadvocates.com/wp-content/uploads/2018/07/Shirley-Ray-Images-2018-8.jpg
shirley-ray,https://mantarayadvocates.com/wp-content/uploads/2018/07/Shirley-Ray-Images-2018-7.jpg
shirley-ray,https://mantarayadvocates.com/wp-content/uploads/2018/07/Shirley-Ray-Images-2018-6.jpg
shirley-ray,https://mantarayadvocates.com/wp-content/uploads/2018/07/Shirley-Ray-Images-2018-5.jpg
shirley-ray,https://mantarayadvocates.com/wp-content/uploads/2018/07/Shirley-Ray-Images-2018-4.jpg
shirley-ray,https://mantarayadvocates.com/wp-content/uploads/2018/07/Shirley-Ray-Images-2018-3.jpg
shirley-ray,https://mantarayadvocates.com/wp-content/uploads/2018/07/Shirley-Ray-Images-2018-2.jpg
shirley-ray,https://mantarayadvocates.com/wp-content/uploads/2018/07/Shirley-Ray-Images-2018-1.jpg
shirley-ray,https://mantarayadvocates.com/wp-content/uploads/2018/07/Shirley-Ray-Images-2018-9.jpg
shirley-ray,https://mantarayadvocates.com/wp-content/uploads/2018/07/Shirley-Ray-Images-2018-8.jpg
shirley-ray,https://mantarayadvocates.com/wp-content/uploads/2018/07/Shirley-Ray-Images-2018-7.jpg
shirley-ray,https://mantarayadvocates.com/wp-content/uploads/2018/07/Shirley-Ray-Images-2018-6.jpg
shirley-ray,https://mantarayadvocates.com/wp-content/uploads/2018/07/Shirley-Ray-Images-2018-5.jpg
shirley-ray,https://mantarayadvocates.com/wp-content/uploads/2018/07/Shirley-Ray-Images-2018-4.jpg
shirley-ray,https://mantarayadvocates.com/wp-content/uploads/2018/07/Shirley-Ray-Images-2018-3.jpg
shirley-ray,https://mantarayadvocates.com/wp-content/uploads/2018/07/Shirley-Ray-Images-2018-2.jpg
shirley-ray,https://mantarayadvocates.com/wp-content/uploads/2018/07/Shirley-Ray-Images-2018-1.jpg
vegemite-ray,https://mantarayadvocates.com/wp-content/uploads/2023/08/Vegemite-08-12-2023-at-8-45-S.png
vegemite-ray,https://mantarayadvocates.com/wp-content/uploads/2023/08/Vegemite-08-22-2023-at-7-15-M.png
vegemite-ray,https://mantarayadvocates.com/wp-content/uploads/2023/08/Vegemite-08-10-2023-at-7-15-M.png
vegemite-ray,https://mantarayadvocates.com/wp-content/uploads/2023/09/Vegemite-09-02-2023-at-7-00-S.png
vegemite-ray,https://mantarayadvocates.com/wp-content/uploads/2023/08/Vegemite-08-12-2023-at-8-45-S.png
vegemite-ray,https://mantarayadvocates.com/wp-content/uploads/2023/08/Vegemite-08-22-2023-at-7-15-M.png
vegemite-ray,https://mantarayadvocates.com/wp-content/uploads/2023/08/Vegemite-08-10-2023-at-7-15-M.png
vegemite-ray,https://mantarayadvocates.com/wp-content/uploads/2023/09/Vegemite-09-02-2023-at-7-00-S.png
